timestamp,open,high,low,close,volume
2024-01-01 07:00:00,1.085,1.08509,1.08492,1.08507,2404
2024-01-01 08:00:00,1.08507,1.0853,1.08495,1.08526,7372
2024-01-01 09:00:00,1.08526,1.08533,1.08516,1.08522,3738
2024-01-01 10:00:00,1.08522,1.08553,1.08506,1.08518,3621
2024-01-01 11:00:00,1.08518,1.08521,1.08496,1.08507,5104
2024-01-01 12:00:00,1.08507,1.08514,1.08484,1.08491,5628
2024-01-01 13:00:00,1.08491,1.08493,1.08473,1.08486,1585
2024-01-01 14:00:00,1.08486,1.085,1.08475,1.08493,1879
2024-01-01 15:00:00,1.08493,1.08515,1.08487,1.08487,1309
2024-01-01 16:00:00,1.08487,1.0849,1.08472,1.08476,6962
2024-01-01 17:00:00,1.08476,1.08504,1.08461,1.08481,9726
2024-01-01 18:00:00,1.08481,1.08488,1.0847,1.08485,9296
2024-01-01 19:00:00,1.08485,1.0849,1.08468,1.08486,8458
2024-01-01 20:00:00,1.08486,1.08502,1.08469,1.0848,5884
2024-01-01 21:00:00,1.0848,1.08491,1.08472,1.08486,1049
2024-01-01 22:00:00,1.08486,1.08503,1.08475,1.08496,7561
2024-01-01 23:00:00,1.08496,1.085,1.08484,1.08488,3978
2024-01-02 00:00:00,1.08488,1.08505,1.08484,1.08503,3926
2024-01-02 01:00:00,1.08503,1.08532,1.08502,1.08515,2076
2024-01-02 02:00:00,1.08515,1.08542,1.08506,1.0853,6051
2024-01-02 03:00:00,1.0853,1.08552,1.08499,1.08533,1228
2024-01-02 04:00:00,1.08533,1.08563,1.0852,1.08546,5577
2024-01-02 05:00:00,1.08546,1.0855,1.08528,1.08546,3059
2024-01-02 06:00:00,1.08546,1.08549,1.08538,1.08543,2450
2024-01-02 07:00:00,1.08543,1.08561,1.08537,1.08557,9033
2024-01-02 08:00:00,1.08557,1.08583,1.08555,1.08567,9064
2024-01-02 09:00:00,1.08567,1.08571,1.08557,1.08562,8362
2024-01-02 10:00:00,1.08562,1.08594,1.08544,1.08548,2998
2024-01-02 11:00:00,1.08548,1.08558,1.08546,1.08548,5669
2024-01-02 12:00:00,1.08548,1.08568,1.08531,1.08556,9746
2024-01-02 13:00:00,1.08556,1.08557,1.08536,1.08537,1463
2024-01-02 14:00:00,1.08537,1.08576,1.08534,1.0857,3156
2024-01-02 15:00:00,1.0857,1.08588,1.08557,1.08574,3138
2024-01-02 16:00:00,1.08574,1.08597,1.08557,1.08587,6690
2024-01-02 17:00:00,1.08587,1.08625,1.08575,1.08598,1366
2024-01-02 18:00:00,1.08598,1.08619,1.08585,1.08596,1149
2024-01-02 19:00:00,1.08596,1.08597,1.08569,1.08581,7218
2024-01-02 20:00:00,1.08581,1.08599,1.08579,1.08591,2237
2024-01-02 21:00:00,1.08591,1.08595,1.08577,1.08587,8354
2024-01-02 22:00:00,1.08587,1.08603,1.08546,1.08576,3176
2024-01-02 23:00:00,1.08576,1.08593,1.08561,1.08584,7533
2024-01-03 00:00:00,1.08584,1.08591,1.08558,1.08573,1757
2024-01-03 01:00:00,1.08573,1.0859,1.0855,1.08581,6867
2024-01-03 02:00:00,1.08581,1.086,1.0857,1.08591,3135
2024-01-03 03:00:00,1.08591,1.0862,1.0858,1.0861,6918
2024-01-03 04:00:00,1.0861,1.08631,1.08609,1.0862,4309
2024-01-03 05:00:00,1.0862,1.0863,1.08614,1.08614,9028
2024-01-03 06:00:00,1.08614,1.08638,1.08608,1.08624,5523
2024-01-03 07:00:00,1.08624,1.08658,1.08616,1.08625,3526
2024-01-03 08:00:00,1.08625,1.08626,1.08619,1.0862,2593
2024-01-03 09:00:00,1.0862,1.08631,1.08615,1.08623,9672
2024-01-03 10:00:00,1.08623,1.08633,1.08614,1.08627,4465
2024-01-03 11:00:00,1.08627,1.08638,1.08625,1.08627,9425
2024-01-03 12:00:00,1.08627,1.08635,1.08596,1.08618,1874
2024-01-03 13:00:00,1.08618,1.08637,1.08613,1.08624,7273
2024-01-03 14:00:00,1.08624,1.08647,1.08607,1.08636,3642
2024-01-03 15:00:00,1.08636,1.08654,1.0863,1.08648,8184
2024-01-03 16:00:00,1.08648,1.08715,1.08636,1.08699,8162
2024-01-03 17:00:00,1.08699,1.0871,1.0869,1.08701,6204
2024-01-03 18:00:00,1.08701,1.08704,1.08695,1.08704,5883
2024-01-03 19:00:00,1.08704,1.08737,1.08698,1.08718,2143
2024-01-03 20:00:00,1.08718,1.08755,1.08716,1.08737,2942
2024-01-03 21:00:00,1.08737,1.08739,1.08733,1.08734,5865
2024-01-03 22:00:00,1.08734,1.0875,1.08722,1.08732,9782
2024-01-03 23:00:00,1.08732,1.08734,1.08705,1.08713,4950
2024-01-04 00:00:00,1.08713,1.08738,1.08693,1.08729,2559
2024-01-04 01:00:00,1.08729,1.08737,1.08708,1.08729,6941
2024-01-04 02:00:00,1.08729,1.08744,1.08709,1.0874,6505
2024-01-04 03:00:00,1.0874,1.08746,1.08712,1.08728,1129
2024-01-04 04:00:00,1.08728,1.0873,1.08703,1.08725,1880
2024-01-04 05:00:00,1.08725,1.08737,1.08689,1.08692,4586
2024-01-04 06:00:00,1.08692,1.08711,1.08667,1.08683,1407
2024-01-04 07:00:00,1.08683,1.08723,1.08669,1.08706,6928
2024-01-04 08:00:00,1.08706,1.08715,1.08706,1.08712,6271
2024-01-04 09:00:00,1.08712,1.08728,1.08693,1.0872,5124
2024-01-04 10:00:00,1.0872,1.08728,1.0871,1.08711,4474
2024-01-04 11:00:00,1.08711,1.08728,1.08708,1.0872,8603
2024-01-04 12:00:00,1.0872,1.08728,1.08716,1.0872,7270
2024-01-04 13:00:00,1.0872,1.08741,1.08711,1.08737,3538
2024-01-04 14:00:00,1.08737,1.08757,1.08729,1.08751,8261
2024-01-04 15:00:00,1.08751,1.08758,1.08735,1.08756,4067
2024-01-04 16:00:00,1.08756,1.08775,1.0875,1.08755,7790
2024-01-04 17:00:00,1.08755,1.08777,1.08747,1.08777,4502
2024-01-04 18:00:00,1.08777,1.08782,1.0877,1.08779,9550
2024-01-04 19:00:00,1.08779,1.08793,1.08769,1.08786,3638
2024-01-04 20:00:00,1.08786,1.08832,1.08772,1.08817,7771
2024-01-04 21:00:00,1.08817,1.08838,1.08817,1.08831,1518
2024-01-04 22:00:00,1.08831,1.08856,1.08805,1.08826,8989
2024-01-04 23:00:00,1.08826,1.0883,1.08817,1.08822,6563
2024-01-05 00:00:00,1.08822,1.08827,1.08819,1.08821,8396
2024-01-05 01:00:00,1.08821,1.08824,1.08804,1.08821,8315
2024-01-05 02:00:00,1.08821,1.08829,1.08794,1.0881,1751
2024-01-05 03:00:00,1.0881,1.08838,1.088,1.0882,2000
2024-01-05 04:00:00,1.0882,1.08827,1.0882,1.08824,5217
2024-01-05 05:00:00,1.08824,1.08843,1.08817,1.08833,9659
2024-01-05 06:00:00,1.08833,1.08875,1.08823,1.08857,8817
2024-01-05 07:00:00,1.08857,1.08866,1.08856,1.08866,9723
2024-01-05 08:00:00,1.08866,1.08893,1.08857,1.08862,7261
2024-01-05 09:00:00,1.08862,1.08903,1.08852,1.08894,1409
2024-01-05 10:00:00,1.08894,1.08903,1.08882,1.08901,6581
2024-01-05 11:00:00,1.08901,1.08909,1.08871,1.08897,6252
2024-01-05 12:00:00,1.08897,1.0892,1.08892,1.08896,8324
2024-01-05 13:00:00,1.08896,1.08902,1.08875,1.08891,9394
2024-01-05 14:00:00,1.08891,1.08919,1.08887,1.08918,8294
2024-01-05 15:00:00,1.08918,1.08934,1.08902,1.08903,4733
2024-01-05 16:00:00,1.08903,1.08925,1.08902,1.08923,8782
2024-01-05 17:00:00,1.08923,1.08929,1.08918,1.08929,5054
2024-01-05 18:00:00,1.08929,1.08958,1.08922,1.08941,7045
2024-01-05 19:00:00,1.08941,1.08957,1.08924,1.08928,5682
2024-01-05 20:00:00,1.08928,1.08929,1.08905,1.08924,8669
2024-01-05 21:00:00,1.08924,1.08975,1.08921,1.08954,2206
2024-01-07 22:00:00,1.08954,1.08984,1.08943,1.08966,2916
2024-01-07 23:00:00,1.08966,1.09001,1.08952,1.0898,9137
2024-01-08 00:00:00,1.0898,1.08982,1.0893,1.08956,8052
2024-01-08 01:00:00,1.08956,1.08992,1.08935,1.08976,5132
2024-01-08 02:00:00,1.08976,1.08976,1.08971,1.08976,3958
2024-01-08 03:00:00,1.08976,1.08984,1.08956,1.0896,2636
2024-01-08 04:00:00,1.0896,1.08969,1.08946,1.08949,5265
2024-01-08 05:00:00,1.08949,1.08955,1.08931,1.08938,2593
2024-01-08 06:00:00,1.08938,1.08955,1.08926,1.08928,4278
2024-01-08 07:00:00,1.08928,1.08952,1.0892,1.08952,8862
2024-01-08 08:00:00,1.08952,1.08964,1.08944,1.08954,7734
2024-01-08 09:00:00,1.08954,1.08961,1.08944,1.08947,6564
2024-01-08 10:00:00,1.08947,1.08955,1.08893,1.08919,7727
2024-01-08 11:00:00,1.08919,1.08929,1.08882,1.08926,1964
2024-01-08 12:00:00,1.08926,1.08957,1.08896,1.08939,3182
2024-01-08 13:00:00,1.08939,1.08956,1.08921,1.08929,2077
2024-01-08 14:00:00,1.08929,1.08931,1.08904,1.08915,7111
2024-01-08 15:00:00,1.08915,1.08933,1.08913,1.08914,6281
2024-01-08 16:00:00,1.08914,1.08919,1.08884,1.08903,2148
2024-01-08 17:00:00,1.08903,1.08919,1.0888,1.08891,4204
2024-01-08 18:00:00,1.08891,1.08913,1.0889,1.08913,3135
2024-01-08 19:00:00,1.08913,1.08919,1.08897,1.08904,2560
2024-01-08 20:00:00,1.08904,1.08934,1.08884,1.08892,9841
2024-01-08 21:00:00,1.08892,1.08903,1.08881,1.08888,2537
2024-01-08 22:00:00,1.08888,1.08902,1.08886,1.08896,6010
2024-01-08 23:00:00,1.08896,1.08902,1.08866,1.08874,3913
2024-01-09 00:00:00,1.08874,1.08883,1.08841,1.08879,3181
2024-01-09 01:00:00,1.08879,1.08892,1.08872,1.08881,2389
2024-01-09 02:00:00,1.08881,1.08914,1.0884,1.08859,1466
2024-01-09 03:00:00,1.08859,1.08864,1.08835,1.08847,3291
2024-01-09 04:00:00,1.08847,1.0886,1.08829,1.08838,6360
2024-01-09 05:00:00,1.08838,1.08847,1.08799,1.08806,8475
2024-01-09 06:00:00,1.08806,1.08808,1.08801,1.08802,2631
2024-01-09 07:00:00,1.08802,1.08803,1.08786,1.088,2257
2024-01-09 08:00:00,1.088,1.08808,1.08793,1.08801,2472
2024-01-09 09:00:00,1.08801,1.08809,1.08798,1.08804,4229
2024-01-09 10:00:00,1.08804,1.08829,1.08792,1.08826,8349
2024-01-09 11:00:00,1.08826,1.08838,1.08777,1.08799,7728
2024-01-09 12:00:00,1.08799,1.08818,1.08792,1.08792,9096
2024-01-09 13:00:00,1.08792,1.08826,1.08789,1.088,2052
2024-01-09 14:00:00,1.088,1.08808,1.08793,1.08806,4014
2024-01-09 15:00:00,1.08806,1.08812,1.08798,1.08807,9045
2024-01-09 16:00:00,1.08807,1.08838,1.08803,1.08832,3805
2024-01-09 17:00:00,1.08832,1.08849,1.08831,1.08839,7862
2024-01-09 18:00:00,1.08839,1.08843,1.0882,1.0883,8391
2024-01-09 19:00:00,1.0883,1.08842,1.08819,1.08824,3063
2024-01-09 20:00:00,1.08824,1.08837,1.08812,1.08825,6770
2024-01-09 21:00:00,1.08825,1.0885,1.08816,1.08827,2634
2024-01-09 22:00:00,1.08827,1.08829,1.08799,1.08809,4607
2024-01-09 23:00:00,1.08809,1.08814,1.08806,1.08814,5552
2024-01-10 00:00:00,1.08814,1.08816,1.08796,1.08797,8849
2024-01-10 01:00:00,1.08797,1.08805,1.08789,1.08795,7365
2024-01-10 02:00:00,1.08795,1.08798,1.0878,1.08794,6460
2024-01-10 03:00:00,1.08794,1.08816,1.08782,1.0881,9863
2024-01-10 04:00:00,1.0881,1.0884,1.08798,1.08805,4591
2024-01-10 05:00:00,1.08805,1.0881,1.08787,1.08799,5836
2024-01-10 06:00:00,1.08799,1.08802,1.08768,1.08776,4122
2024-01-10 07:00:00,1.08776,1.08796,1.08765,1.08768,2267
2024-01-10 08:00:00,1.08768,1.08768,1.08731,1.08746,4770
2024-01-10 09:00:00,1.08746,1.08755,1.08718,1.0874,1117
2024-01-10 10:00:00,1.0874,1.08762,1.08734,1.0875,9649
2024-01-10 11:00:00,1.0875,1.08763,1.08712,1.08743,1603
2024-01-10 12:00:00,1.08743,1.08752,1.08732,1.0874,9082
2024-01-10 13:00:00,1.0874,1.08746,1.08729,1.08729,6083
2024-01-10 14:00:00,1.08729,1.08746,1.08687,1.08719,4966
2024-01-10 15:00:00,1.08719,1.08755,1.08715,1.0873,8756
2024-01-10 16:00:00,1.0873,1.08732,1.08715,1.08721,3436
2024-01-10 17:00:00,1.08721,1.08742,1.08693,1.08704,1243
2024-01-10 18:00:00,1.08704,1.08724,1.08695,1.08715,7047
2024-01-10 19:00:00,1.08715,1.08721,1.08691,1.08705,1894
2024-01-10 20:00:00,1.08705,1.0872,1.08694,1.0871,8701
2024-01-10 21:00:00,1.0871,1.08724,1.08689,1.08702,3638
2024-01-10 22:00:00,1.08702,1.08725,1.0868,1.08705,9034
2024-01-10 23:00:00,1.08705,1.08718,1.08686,1.08695,6312
2024-01-11 00:00:00,1.08695,1.08704,1.08657,1.08674,4684
2024-01-11 01:00:00,1.08674,1.08694,1.08642,1.08645,7872
2024-01-11 02:00:00,1.08645,1.08656,1.08639,1.0864,8198
2024-01-11 03:00:00,1.0864,1.0864,1.08628,1.08631,6701
2024-01-11 04:00:00,1.08631,1.08639,1.08602,1.08607,8514
2024-01-11 05:00:00,1.08607,1.08611,1.08597,1.08603,1165
2024-01-11 06:00:00,1.08603,1.08623,1.08583,1.0859,5987
2024-01-11 07:00:00,1.0859,1.08604,1.08587,1.08598,6404
2024-01-11 08:00:00,1.08598,1.08618,1.08592,1.08606,9229
2024-01-11 09:00:00,1.08606,1.08621,1.08572,1.0858,2496
2024-01-11 10:00:00,1.0858,1.08584,1.08574,1.08576,6428
2024-01-11 11:00:00,1.08576,1.08593,1.08554,1.08565,7471
2024-01-11 12:00:00,1.08565,1.08572,1.08524,1.08545,5284
2024-01-11 13:00:00,1.08545,1.08549,1.08534,1.08547,1280
2024-01-11 14:00:00,1.08547,1.08559,1.08529,1.08551,1462
2024-01-11 15:00:00,1.08551,1.08579,1.08538,1.08578,1959
2024-01-11 16:00:00,1.08578,1.0858,1.08562,1.08566,5459
2024-01-11 17:00:00,1.08566,1.08588,1.08546,1.08555,8194
2024-01-11 18:00:00,1.08555,1.08568,1.08533,1.08544,6312
2024-01-11 19:00:00,1.08544,1.08547,1.08531,1.08532,2666
2024-01-11 20:00:00,1.08532,1.08548,1.0853,1.08535,7590
2024-01-11 21:00:00,1.08535,1.08551,1.08525,1.08538,3247
2024-01-11 22:00:00,1.08538,1.08559,1.08538,1.0854,9889
2024-01-11 23:00:00,1.0854,1.08544,1.08537,1.08542,9239
2024-01-12 00:00:00,1.08542,1.08547,1.0852,1.08523,9739
2024-01-12 01:00:00,1.08523,1.08531,1.08519,1.08519,3871
2024-01-12 02:00:00,1.08519,1.08536,1.0851,1.08516,2085
2024-01-12 03:00:00,1.08516,1.08522,1.085,1.08515,1588
2024-01-12 04:00:00,1.08515,1.0852,1.08478,1.08501,8116
2024-01-12 05:00:00,1.08501,1.08528,1.08498,1.0851,3096
2024-01-12 06:00:00,1.0851,1.08526,1.0851,1.08518,8189
2024-01-12 07:00:00,1.08518,1.08534,1.08481,1.08508,8863
2024-01-12 08:00:00,1.08508,1.08528,1.08479,1.08501,7638
2024-01-12 09:00:00,1.08501,1.08504,1.08476,1.08492,3666
2024-01-12 10:00:00,1.08492,1.08516,1.08464,1.08478,7116
2024-01-12 11:00:00,1.08478,1.0849,1.08478,1.08487,6520
2024-01-12 12:00:00,1.08487,1.08506,1.08468,1.08492,5614
2024-01-12 13:00:00,1.08492,1.08499,1.08474,1.08482,8016
2024-01-12 14:00:00,1.08482,1.08488,1.0847,1.08472,9721
2024-01-12 15:00:00,1.08472,1.08494,1.08462,1.08487,8342
2024-01-12 16:00:00,1.08487,1.08498,1.08478,1.0849,5832
2024-01-12 17:00:00,1.0849,1.08527,1.08482,1.08506,8998
2024-01-12 18:00:00,1.08506,1.08512,1.08485,1.08498,5957
2024-01-12 19:00:00,1.08498,1.08508,1.08477,1.08494,7510
2024-01-12 20:00:00,1.08494,1.08504,1.08483,1.08483,2981
2024-01-12 21:00:00,1.08483,1.08485,1.08474,1.08474,5325
2024-01-14 22:00:00,1.08474,1.08505,1.0847,1.08491,4130
2024-01-14 23:00:00,1.08491,1.08523,1.08484,1.08501,8176
2024-01-15 00:00:00,1.08501,1.08513,1.08494,1.08499,8805
2024-01-15 01:00:00,1.08499,1.08518,1.08487,1.08512,6567
2024-01-15 02:00:00,1.08512,1.08536,1.08506,1.08529,8927
2024-01-15 03:00:00,1.08529,1.08531,1.08514,1.08529,2446
2024-01-15 04:00:00,1.08529,1.08534,1.08518,1.08522,5567
2024-01-15 05:00:00,1.08522,1.08528,1.08506,1.08528,6706
2024-01-15 06:00:00,1.08528,1.08557,1.08525,1.0854,1962
2024-01-15 07:00:00,1.0854,1.08565,1.08538,1.08546,6693
2024-01-15 08:00:00,1.08546,1.08554,1.08541,1.08552,1610
2024-01-15 09:00:00,1.08552,1.08581,1.08551,1.08568,4112
2024-01-15 10:00:00,1.08568,1.08574,1.08562,1.08563,8843
2024-01-15 11:00:00,1.08563,1.08568,1.08541,1.0856,7149
2024-01-15 12:00:00,1.0856,1.08583,1.08555,1.08563,9974
2024-01-15 13:00:00,1.08563,1.08589,1.08544,1.08549,7243
2024-01-15 14:00:00,1.08549,1.08563,1.08531,1.08547,3459
2024-01-15 15:00:00,1.08547,1.0856,1.08525,1.08558,4578
2024-01-15 16:00:00,1.08558,1.08569,1.08547,1.0855,3069
2024-01-15 17:00:00,1.0855,1.08567,1.08537,1.08538,9713
2024-01-15 18:00:00,1.08538,1.08559,1.08536,1.08556,7989
2024-01-15 19:00:00,1.08556,1.08572,1.08548,1.08567,2181
2024-01-15 20:00:00,1.08567,1.08602,1.08561,1.08587,5333
2024-01-15 21:00:00,1.08587,1.08609,1.08583,1.08583,1577
2024-01-15 22:00:00,1.08583,1.08602,1.08564,1.0857,8178
2024-01-15 23:00:00,1.0857,1.08593,1.08564,1.0857,6400
2024-01-16 00:00:00,1.0857,1.08582,1.08532,1.08545,8741
2024-01-16 01:00:00,1.08545,1.08545,1.08538,1.08538,6563
2024-01-16 02:00:00,1.08538,1.08544,1.08507,1.08529,1087
2024-01-16 03:00:00,1.08529,1.0856,1.08526,1.08536,1298
2024-01-16 04:00:00,1.08536,1.08538,1.08524,1.08532,2194
2024-01-16 05:00:00,1.08532,1.08567,1.08526,1.08559,2507
2024-01-16 06:00:00,1.08559,1.08574,1.08549,1.08571,7358
2024-01-16 07:00:00,1.08571,1.08584,1.08562,1.08576,7426
2024-01-16 08:00:00,1.08576,1.08593,1.08563,1.08586,8333
2024-01-16 09:00:00,1.08586,1.08609,1.08561,1.08607,5737
2024-01-16 10:00:00,1.08607,1.08611,1.08601,1.08604,1543
2024-01-16 11:00:00,1.08604,1.0861,1.08597,1.08601,9782
2024-01-16 12:00:00,1.08601,1.08624,1.08595,1.08612,8107
2024-01-16 13:00:00,1.08612,1.08642,1.08591,1.08617,3056
2024-01-16 14:00:00,1.08617,1.08641,1.0861,1.08627,7122
2024-01-16 15:00:00,1.08627,1.0865,1.08622,1.08629,7684
2024-01-16 16:00:00,1.08629,1.08665,1.08619,1.08643,4339
2024-01-16 17:00:00,1.08643,1.08663,1.08622,1.08651,5380
2024-01-16 18:00:00,1.08651,1.08671,1.08644,1.08651,6331
2024-01-16 19:00:00,1.08651,1.08691,1.08643,1.08674,7442
2024-01-16 20:00:00,1.08674,1.08688,1.08671,1.08685,5430
2024-01-16 21:00:00,1.08685,1.08701,1.08675,1.08697,4233
2024-01-16 22:00:00,1.08697,1.08711,1.08664,1.08668,4519
2024-01-16 23:00:00,1.08668,1.08682,1.08653,1.08658,9728
2024-01-17 00:00:00,1.08658,1.08687,1.08655,1.08668,1661
2024-01-17 01:00:00,1.08668,1.0869,1.08656,1.08675,4877
2024-01-17 02:00:00,1.08675,1.08683,1.08658,1.08675,7360
2024-01-17 03:00:00,1.08675,1.08681,1.08671,1.08677,8597
2024-01-17 04:00:00,1.08677,1.08712,1.08661,1.08707,8814
2024-01-17 05:00:00,1.08707,1.08713,1.08707,1.0871,5780
2024-01-17 06:00:00,1.0871,1.08717,1.08698,1.08716,9404
2024-01-17 07:00:00,1.08716,1.08746,1.08705,1.08723,5092
2024-01-17 08:00:00,1.08723,1.08758,1.08687,1.08733,7001
2024-01-17 09:00:00,1.08733,1.08764,1.08725,1.08752,9729
2024-01-17 10:00:00,1.08752,1.08755,1.08737,1.08745,4993
2024-01-17 11:00:00,1.08745,1.08751,1.08735,1.08749,9501
2024-01-17 12:00:00,1.08749,1.08761,1.08725,1.08761,6560
2024-01-17 13:00:00,1.08761,1.08782,1.08748,1.08769,2941
2024-01-17 14:00:00,1.08769,1.08803,1.0875,1.08789,6861
2024-01-17 15:00:00,1.08789,1.08808,1.08789,1.08799,8836
2024-01-17 16:00:00,1.08799,1.08813,1.08782,1.08809,7646
2024-01-17 17:00:00,1.08809,1.08824,1.08795,1.08812,8270
2024-01-17 18:00:00,1.08812,1.08821,1.08796,1.08803,4920
2024-01-17 19:00:00,1.08803,1.08809,1.08801,1.08808,3921
2024-01-17 20:00:00,1.08808,1.08829,1.08788,1.08814,7259
2024-01-17 21:00:00,1.08814,1.0884,1.088,1.08808,3045
2024-01-17 22:00:00,1.08808,1.0881,1.08789,1.08798,7013
2024-01-17 23:00:00,1.08798,1.08825,1.08784,1.08796,5671
2024-01-18 00:00:00,1.08796,1.08803,1.08795,1.08798,4071
2024-01-18 01:00:00,1.08798,1.08817,1.08775,1.08787,6471
2024-01-18 02:00:00,1.08787,1.0883,1.0878,1.08822,7463
2024-01-18 03:00:00,1.08822,1.0884,1.08821,1.08837,1542
2024-01-18 04:00:00,1.08837,1.08844,1.0883,1.08842,1912
2024-01-18 05:00:00,1.08842,1.08843,1.08816,1.08828,8227
2024-01-18 06:00:00,1.08828,1.08851,1.08815,1.0882,6493
2024-01-18 07:00:00,1.0882,1.08831,1.08802,1.08814,2630
2024-01-18 08:00:00,1.08814,1.08829,1.08807,1.08817,5726
2024-01-18 09:00:00,1.08817,1.08821,1.08796,1.08816,9666
2024-01-18 10:00:00,1.08816,1.08843,1.08815,1.08827,5952
2024-01-18 11:00:00,1.08827,1.08839,1.08825,1.08834,8372
2024-01-18 12:00:00,1.08834,1.08849,1.08829,1.08846,2908
2024-01-18 13:00:00,1.08846,1.08867,1.0882,1.08834,8024
2024-01-18 14:00:00,1.08834,1.08844,1.08825,1.08832,4813
2024-01-18 15:00:00,1.08832,1.08835,1.08819,1.08829,6279
2024-01-18 16:00:00,1.08829,1.08867,1.0882,1.0886,8765
2024-01-18 17:00:00,1.0886,1.08865,1.0886,1.08863,6463
2024-01-18 18:00:00,1.08863,1.08885,1.0886,1.08867,4518
2024-01-18 19:00:00,1.08867,1.08902,1.08857,1.08871,4853
2024-01-18 20:00:00,1.08871,1.08908,1.08858,1.08896,9921
2024-01-18 21:00:00,1.08896,1.08928,1.08892,1.08908,1770
2024-01-18 22:00:00,1.08908,1.08924,1.089,1.08911,4194
2024-01-18 23:00:00,1.08911,1.08925,1.08908,1.08916,8920
2024-01-19 00:00:00,1.08916,1.08922,1.08877,1.08902,3919
2024-01-19 01:00:00,1.08902,1.08937,1.08882,1.08922,5186
2024-01-19 02:00:00,1.08922,1.08933,1.08914,1.08932,9618
2024-01-19 03:00:00,1.08932,1.08954,1.0893,1.08943,1870
2024-01-19 04:00:00,1.08943,1.08962,1.08927,1.08931,4128
2024-01-19 05:00:00,1.08931,1.08956,1.08918,1.08949,9932
2024-01-19 06:00:00,1.08949,1.08951,1.0894,1.0895,8578
2024-01-19 07:00:00,1.0895,1.08987,1.08947,1.08982,2149
2024-01-19 08:00:00,1.08982,1.08989,1.08975,1.08983,7378
2024-01-19 09:00:00,1.08983,1.08999,1.08956,1.08978,4572
2024-01-19 10:00:00,1.08978,1.09014,1.08964,1.08988,5641
2024-01-19 11:00:00,1.08988,1.09002,1.08987,1.08992,4425
2024-01-19 12:00:00,1.08992,1.09002,1.08985,1.08995,3742
2024-01-19 13:00:00,1.08995,1.09006,1.08989,1.08997,4114
2024-01-19 14:00:00,1.08997,1.08998,1.08988,1.08991,8402
2024-01-19 15:00:00,1.08991,1.09004,1.08974,1.08994,2573
2024-01-19 16:00:00,1.08994,1.09035,1.08993,1.09005,2317
2024-01-19 17:00:00,1.09005,1.09007,1.09,1.09001,9692
2024-01-19 18:00:00,1.09001,1.09033,1.08993,1.09011,5555
2024-01-19 19:00:00,1.09011,1.09013,1.08989,1.09003,6576
2024-01-19 20:00:00,1.09003,1.09026,1.08998,1.09014,1552
2024-01-19 21:00:00,1.09014,1.09033,1.09012,1.09015,9853
2024-01-21 22:00:00,1.09015,1.09022,1.09005,1.0901,2092
2024-01-21 23:00:00,1.0901,1.09013,1.08996,1.09001,5584
2024-01-22 00:00:00,1.09001,1.0902,1.0899,1.09002,6615
2024-01-22 01:00:00,1.09002,1.09013,1.08953,1.08969,4309
2024-01-22 02:00:00,1.08969,1.08984,1.08961,1.08965,7602
2024-01-22 03:00:00,1.08965,1.08996,1.0895,1.08956,5817
2024-01-22 04:00:00,1.08956,1.08971,1.08956,1.08959,5931
2024-01-22 05:00:00,1.08959,1.08974,1.08959,1.08972,2350
2024-01-22 06:00:00,1.08972,1.08986,1.08948,1.08959,5284
2024-01-22 07:00:00,1.08959,1.08978,1.08922,1.0894,9028
2024-01-22 08:00:00,1.0894,1.08954,1.08922,1.08935,4938
2024-01-22 09:00:00,1.08935,1.08947,1.0891,1.08941,6934
2024-01-22 10:00:00,1.08941,1.08945,1.08922,1.08932,6525
2024-01-22 11:00:00,1.08932,1.08941,1.08924,1.0893,5609
2024-01-22 12:00:00,1.0893,1.08933,1.08918,1.08919,1763
2024-01-22 13:00:00,1.08919,1.08922,1.08896,1.08912,4147
2024-01-22 14:00:00,1.08912,1.08921,1.08884,1.08898,2666
2024-01-22 15:00:00,1.08898,1.08918,1.08886,1.0891,6621
2024-01-22 16:00:00,1.0891,1.08925,1.08892,1.08898,2092
2024-01-22 17:00:00,1.08898,1.08918,1.08893,1.08911,1377
2024-01-22 18:00:00,1.08911,1.08952,1.0889,1.08934,7732
2024-01-22 19:00:00,1.08934,1.08951,1.0893,1.08938,9352
2024-01-22 20:00:00,1.08938,1.08945,1.08909,1.08925,4888
2024-01-22 21:00:00,1.08925,1.0896,1.08922,1.08946,8982
2024-01-22 22:00:00,1.08946,1.08963,1.08929,1.0894,8343
2024-01-22 23:00:00,1.0894,1.08943,1.08932,1.08935,8577
2024-01-23 00:00:00,1.08935,1.08962,1.08926,1.08951,6905
2024-01-23 01:00:00,1.08951,1.08967,1.08945,1.0895,8360
2024-01-23 02:00:00,1.0895,1.0895,1.08921,1.08939,8566
2024-01-23 03:00:00,1.08939,1.0896,1.08936,1.08939,3677
2024-01-23 04:00:00,1.08939,1.08989,1.08932,1.08967,8859
2024-01-23 05:00:00,1.08967,1.08987,1.08965,1.08979,1083
2024-01-23 06:00:00,1.08979,1.08989,1.0895,1.08961,9926
2024-01-23 07:00:00,1.08961,1.08971,1.08948,1.08955,5995
2024-01-23 08:00:00,1.08955,1.08967,1.08937,1.08958,2692
2024-01-23 09:00:00,1.08958,1.08976,1.08957,1.08969,7848
2024-01-23 10:00:00,1.08969,1.08986,1.08952,1.08966,2339
2024-01-23 11:00:00,1.08966,1.08975,1.08945,1.08971,8975
2024-01-23 12:00:00,1.08971,1.08991,1.08945,1.08962,4713
2024-01-23 13:00:00,1.08962,1.08977,1.08933,1.0894,6780
2024-01-23 14:00:00,1.0894,1.08968,1.08932,1.08967,6053
2024-01-23 15:00:00,1.08967,1.09002,1.08955,1.08988,3428
2024-01-23 16:00:00,1.08988,1.08991,1.08972,1.08991,1693
2024-01-23 17:00:00,1.08991,1.08997,1.08977,1.08985,8097
2024-01-23 18:00:00,1.08985,1.09026,1.08976,1.08993,2327
2024-01-23 19:00:00,1.08993,1.09015,1.08979,1.0898,6384
2024-01-23 20:00:00,1.0898,1.08983,1.08968,1.08975,4791
2024-01-23 21:00:00,1.08975,1.08993,1.08972,1.08986,8558
2024-01-23 22:00:00,1.08986,1.09,1.08947,1.0897,6289
2024-01-23 23:00:00,1.0897,1.08984,1.08959,1.0896,3688
2024-01-24 00:00:00,1.0896,1.08973,1.08933,1.08935,8577
2024-01-24 01:00:00,1.08935,1.08944,1.08921,1.08937,2201
2024-01-24 02:00:00,1.08937,1.0894,1.08894,1.08899,5468
2024-01-24 03:00:00,1.08899,1.0892,1.08892,1.08915,6492
2024-01-24 04:00:00,1.08915,1.08921,1.08908,1.08916,6912
2024-01-24 05:00:00,1.08916,1.08919,1.08901,1.08911,9156
2024-01-24 06:00:00,1.08911,1.08921,1.08886,1.08897,7834
2024-01-24 07:00:00,1.08897,1.08914,1.08897,1.08911,1302
2024-01-24 08:00:00,1.08911,1.08912,1.08885,1.08898,4699
2024-01-24 09:00:00,1.08898,1.08906,1.08897,1.08903,9431
2024-01-24 10:00:00,1.08903,1.08907,1.08896,1.08905,3341
2024-01-24 11:00:00,1.08905,1.08926,1.08902,1.08911,5175
2024-01-24 12:00:00,1.08911,1.08912,1.08886,1.08891,4145
2024-01-24 13:00:00,1.08891,1.089,1.08875,1.08878,5710
2024-01-24 14:00:00,1.08878,1.08891,1.08876,1.08888,7370
2024-01-24 15:00:00,1.08888,1.08889,1.08861,1.08874,2491
2024-01-24 16:00:00,1.08874,1.08879,1.08811,1.08835,4705
2024-01-24 17:00:00,1.08835,1.08863,1.08835,1.08839,8257
2024-01-24 18:00:00,1.08839,1.08846,1.08825,1.08826,8076
2024-01-24 19:00:00,1.08826,1.08836,1.08809,1.08814,7810
2024-01-24 20:00:00,1.08814,1.08832,1.08798,1.08799,8900
2024-01-24 21:00:00,1.08799,1.08818,1.08781,1.08792,5848
2024-01-24 22:00:00,1.08792,1.08804,1.08787,1.08787,6911
2024-01-24 23:00:00,1.08787,1.08801,1.08777,1.08779,3584
2024-01-25 00:00:00,1.08779,1.08783,1.08741,1.08758,6711
2024-01-25 01:00:00,1.08758,1.08773,1.08748,1.08749,2421
2024-01-25 02:00:00,1.08749,1.08767,1.08741,1.08755,3850
2024-01-25 03:00:00,1.08755,1.0876,1.08736,1.08748,4962
2024-01-25 04:00:00,1.08748,1.08758,1.08745,1.08749,8941
2024-01-25 05:00:00,1.08749,1.08766,1.08745,1.08746,9856
2024-01-25 06:00:00,1.08746,1.08762,1.08729,1.08748,2493
2024-01-25 07:00:00,1.08748,1.0876,1.08729,1.08743,7474
2024-01-25 08:00:00,1.08743,1.0878,1.08736,1.08771,8723
2024-01-25 09:00:00,1.08771,1.08786,1.08757,1.08769,5240
2024-01-25 10:00:00,1.08769,1.08782,1.08754,1.0878,4220
2024-01-25 11:00:00,1.0878,1.08793,1.08768,1.08792,7408
2024-01-25 12:00:00,1.08792,1.08799,1.08778,1.08783,4131
2024-01-25 13:00:00,1.08783,1.08803,1.08769,1.088,4171
2024-01-25 14:00:00,1.088,1.08816,1.08785,1.08815,9811
2024-01-25 15:00:00,1.08815,1.08819,1.08787,1.08801,7176
2024-01-25 16:00:00,1.08801,1.08817,1.08795,1.08813,8533
2024-01-25 17:00:00,1.08813,1.08837,1.08811,1.0882,3747
2024-01-25 18:00:00,1.0882,1.08853,1.08805,1.08841,9444
2024-01-25 19:00:00,1.08841,1.08848,1.08833,1.08843,3342
2024-01-25 20:00:00,1.08843,1.08857,1.08835,1.08853,6043
2024-01-25 21:00:00,1.08853,1.08865,1.08836,1.08849,5919
2024-01-25 22:00:00,1.08849,1.08852,1.08845,1.08845,1996
2024-01-25 23:00:00,1.08845,1.08847,1.08833,1.08837,3520
2024-01-26 00:00:00,1.08837,1.08842,1.08828,1.08837,9196
2024-01-26 01:00:00,1.08837,1.08851,1.08826,1.08843,8464
2024-01-26 02:00:00,1.08843,1.08862,1.08839,1.08854,2013
2024-01-26 03:00:00,1.08854,1.08879,1.08852,1.08857,1111
2024-01-26 04:00:00,1.08857,1.08879,1.08847,1.08851,6385
2024-01-26 05:00:00,1.08851,1.08863,1.08825,1.08836,9030
2024-01-26 06:00:00,1.08836,1.08864,1.08828,1.08855,1312
2024-01-26 07:00:00,1.08855,1.08869,1.08843,1.08854,1844
2024-01-26 08:00:00,1.08854,1.08859,1.08846,1.08855,8463
2024-01-26 09:00:00,1.08855,1.08868,1.08823,1.08856,3852
2024-01-26 10:00:00,1.08856,1.08881,1.08852,1.08863,6417
2024-01-26 11:00:00,1.08863,1.08874,1.0884,1.0886,6325
2024-01-26 12:00:00,1.0886,1.08887,1.0885,1.08874,5611
2024-01-26 13:00:00,1.08874,1.08884,1.08844,1.0887,9554
2024-01-26 14:00:00,1.0887,1.08888,1.0886,1.08867,5556
2024-01-26 15:00:00,1.08867,1.08869,1.0885,1.08859,5252
2024-01-26 16:00:00,1.08859,1.08861,1.08817,1.08842,2764
2024-01-26 17:00:00,1.08842,1.08851,1.08822,1.08823,1049
2024-01-26 18:00:00,1.08823,1.08836,1.08798,1.08805,6148
2024-01-26 19:00:00,1.08805,1.08806,1.0878,1.08782,1783
2024-01-26 20:00:00,1.08782,1.088,1.08779,1.08789,4107
2024-01-26 21:00:00,1.08789,1.08802,1.08766,1.08802,9935
2024-01-28 22:00:00,1.08802,1.0881,1.08794,1.08805,4551
2024-01-28 23:00:00,1.08805,1.08824,1.08785,1.08788,6471
2024-01-29 00:00:00,1.08788,1.08809,1.08781,1.08798,9595
2024-01-29 01:00:00,1.08798,1.088,1.08778,1.08797,2030
2024-01-29 02:00:00,1.08797,1.08822,1.0877,1.08812,4321
2024-01-29 03:00:00,1.08812,1.08826,1.08811,1.08814,1721
2024-01-29 04:00:00,1.08814,1.08826,1.08812,1.0882,7017
2024-01-29 05:00:00,1.0882,1.08837,1.0881,1.08811,6724
2024-01-29 06:00:00,1.08811,1.08819,1.08802,1.08816,8863
2024-01-29 07:00:00,1.08816,1.08821,1.088,1.08814,1105
2024-01-29 08:00:00,1.08814,1.0884,1.08806,1.0882,5374
2024-01-29 09:00:00,1.0882,1.08821,1.08817,1.08819,4088
2024-01-29 10:00:00,1.08819,1.08829,1.08796,1.08811,8610
2024-01-29 11:00:00,1.08811,1.08832,1.08794,1.08809,3756
2024-01-29 12:00:00,1.08809,1.08828,1.08791,1.08825,8185
2024-01-29 13:00:00,1.08825,1.08836,1.08823,1.08833,3869
2024-01-29 14:00:00,1.08833,1.0887,1.08819,1.08848,6409
2024-01-29 15:00:00,1.08848,1.0888,1.08835,1.08866,4874
2024-01-29 16:00:00,1.08866,1.08878,1.08861,1.08866,1229
2024-01-29 17:00:00,1.08866,1.08904,1.0886,1.08888,4686
2024-01-29 18:00:00,1.08888,1.08904,1.08873,1.0889,6452
2024-01-29 19:00:00,1.0889,1.08898,1.08881,1.08881,7194
2024-01-29 20:00:00,1.08881,1.08891,1.08867,1.0889,1247
2024-01-29 21:00:00,1.0889,1.08902,1.08885,1.08902,1278
2024-01-29 22:00:00,1.08902,1.0892,1.08898,1.08906,1210
2024-01-29 23:00:00,1.08906,1.08928,1.089,1.08909,2045
2024-01-30 00:00:00,1.08909,1.08912,1.08906,1.08911,8995
2024-01-30 01:00:00,1.08911,1.08935,1.0891,1.08931,4469
2024-01-30 02:00:00,1.08931,1.08948,1.08906,1.08942,2387
2024-01-30 03:00:00,1.08942,1.08995,1.08934,1.08969,4963
2024-01-30 04:00:00,1.08969,1.08993,1.08958,1.0898,2751
2024-01-30 05:00:00,1.0898,1.0899,1.08957,1.08984,6224
2024-01-30 06:00:00,1.08984,1.09001,1.08971,1.08999,6636
2024-01-30 07:00:00,1.08999,1.09003,1.08961,1.08975,6585
2024-01-30 08:00:00,1.08975,1.09009,1.08959,1.09004,1355
2024-01-30 09:00:00,1.09004,1.0906,1.09001,1.09042,5800
2024-01-30 10:00:00,1.09042,1.09058,1.09038,1.09053,8147
2024-01-30 11:00:00,1.09053,1.09071,1.09049,1.09067,5350
2024-01-30 12:00:00,1.09067,1.09075,1.09054,1.09072,4377
2024-01-30 13:00:00,1.09072,1.0908,1.0906,1.09067,5601
2024-01-30 14:00:00,1.09067,1.09122,1.09064,1.0909,8790
2024-01-30 15:00:00,1.0909,1.09099,1.09084,1.09095,6161
2024-01-30 16:00:00,1.09095,1.09123,1.09093,1.09109,9037
2024-01-30 17:00:00,1.09109,1.09157,1.09101,1.09122,1172
2024-01-30 18:00:00,1.09122,1.09154,1.09119,1.0913,7504
2024-01-30 19:00:00,1.0913,1.09135,1.09115,1.09127,8239
2024-01-30 20:00:00,1.09127,1.09138,1.09108,1.09117,9617
2024-01-30 21:00:00,1.09117,1.0914,1.09108,1.09134,7664
2024-01-30 22:00:00,1.09134,1.09151,1.09127,1.09146,7920
2024-01-30 23:00:00,1.09146,1.09175,1.09142,1.09166,1797
2024-01-31 00:00:00,1.09166,1.09195,1.09166,1.09185,4667
2024-01-31 01:00:00,1.09185,1.09187,1.09174,1.09183,8274
2024-01-31 02:00:00,1.09183,1.09186,1.09176,1.09185,3696
2024-01-31 03:00:00,1.09185,1.09201,1.09177,1.09191,1452
2024-01-31 04:00:00,1.09191,1.0921,1.09183,1.09208,3657
2024-01-31 05:00:00,1.09208,1.0922,1.09195,1.09205,3893
2024-01-31 06:00:00,1.09205,1.09227,1.09203,1.09209,6764
2024-01-31 07:00:00,1.09209,1.09218,1.09192,1.09215,2106
2024-01-31 08:00:00,1.09215,1.09215,1.09193,1.09205,5044
2024-01-31 09:00:00,1.09205,1.09247,1.09203,1.09233,3177
2024-01-31 10:00:00,1.09233,1.09243,1.09226,1.09232,8235
2024-01-31 11:00:00,1.09232,1.09284,1.09228,1.09251,3442
2024-01-31 12:00:00,1.09251,1.09273,1.0925,1.0925,2204
2024-01-31 13:00:00,1.0925,1.09252,1.0924,1.0925,1001
2024-01-31 14:00:00,1.0925,1.09276,1.0925,1.09269,3485
2024-01-31 15:00:00,1.09269,1.09272,1.09259,1.0927,3846
2024-01-31 16:00:00,1.0927,1.09274,1.09256,1.09266,3433
2024-01-31 17:00:00,1.09266,1.09276,1.09262,1.09265,4904
2024-01-31 18:00:00,1.09265,1.09276,1.09256,1.09273,9676
2024-01-31 19:00:00,1.09273,1.09289,1.09244,1.09282,6694
2024-01-31 20:00:00,1.09282,1.09292,1.09272,1.09285,6997
2024-01-31 21:00:00,1.09285,1.09294,1.09278,1.09292,8036
2024-01-31 22:00:00,1.09292,1.09298,1.0929,1.09293,4240
2024-01-31 23:00:00,1.09293,1.09305,1.09276,1.09298,2879
2024-02-01 00:00:00,1.09298,1.09315,1.09259,1.09276,1471
2024-02-01 01:00:00,1.09276,1.09293,1.09272,1.09275,2907
2024-02-01 02:00:00,1.09275,1.09289,1.0925,1.09284,8921
2024-02-01 03:00:00,1.09284,1.0931,1.09265,1.09297,2229
2024-02-01 04:00:00,1.09297,1.09327,1.09287,1.09312,3840
2024-02-01 05:00:00,1.09312,1.09331,1.09291,1.09302,9011
2024-02-01 06:00:00,1.09302,1.09325,1.09285,1.09315,1522
2024-02-01 07:00:00,1.09315,1.09332,1.09306,1.0932,1132
2024-02-01 08:00:00,1.0932,1.09338,1.09305,1.09318,1173
2024-02-01 09:00:00,1.09318,1.09332,1.09288,1.0932,5778
2024-02-01 10:00:00,1.0932,1.09323,1.0932,1.09322,5176
2024-02-01 11:00:00,1.09322,1.09334,1.09308,1.09327,7965
2024-02-01 12:00:00,1.09327,1.09346,1.09308,1.09345,9784
2024-02-01 13:00:00,1.09345,1.09364,1.0934,1.09357,1157
2024-02-01 14:00:00,1.09357,1.09369,1.09345,1.09354,5661
2024-02-01 15:00:00,1.09354,1.09372,1.09342,1.09344,8623
2024-02-01 16:00:00,1.09344,1.09356,1.09335,1.09348,5121
2024-02-01 17:00:00,1.09348,1.09358,1.09332,1.09333,7726
2024-02-01 18:00:00,1.09333,1.09341,1.09317,1.09317,9620
2024-02-01 19:00:00,1.09317,1.09324,1.09302,1.09321,2762
2024-02-01 20:00:00,1.09321,1.09325,1.09305,1.09317,8031
2024-02-01 21:00:00,1.09317,1.0932,1.09302,1.09308,4493
2024-02-01 22:00:00,1.09308,1.09339,1.09297,1.09325,4106
2024-02-01 23:00:00,1.09325,1.09331,1.09313,1.09325,7369
2024-02-02 00:00:00,1.09325,1.09341,1.09324,1.09328,9621
2024-02-02 01:00:00,1.09328,1.0933,1.09288,1.09312,1686
2024-02-02 02:00:00,1.09312,1.09325,1.09304,1.09315,5136
2024-02-02 03:00:00,1.09315,1.09333,1.09275,1.09292,1449
2024-02-02 04:00:00,1.09292,1.09297,1.09287,1.09291,3177
2024-02-02 05:00:00,1.09291,1.09297,1.09251,1.09275,1657
2024-02-02 06:00:00,1.09275,1.09277,1.09261,1.09262,2710
2024-02-02 07:00:00,1.09262,1.0927,1.09254,1.09269,5292
2024-02-02 08:00:00,1.09269,1.09289,1.09259,1.09278,6765
2024-02-02 09:00:00,1.09278,1.09283,1.09251,1.09269,5490
2024-02-02 10:00:00,1.09269,1.09283,1.09266,1.09276,3058
2024-02-02 11:00:00,1.09276,1.09283,1.09252,1.09263,7559
2024-02-02 12:00:00,1.09263,1.09265,1.09249,1.0926,1262
2024-02-02 13:00:00,1.0926,1.0929,1.09255,1.09287,4580
2024-02-02 14:00:00,1.09287,1.09303,1.09262,1.09281,7788
2024-02-02 15:00:00,1.09281,1.09293,1.09253,1.09261,6076
2024-02-02 16:00:00,1.09261,1.09289,1.09246,1.09272,3163
2024-02-02 17:00:00,1.09272,1.09285,1.09267,1.09274,9554
2024-02-02 18:00:00,1.09274,1.09302,1.0925,1.09284,6220
2024-02-02 19:00:00,1.09284,1.09306,1.09273,1.09305,9046
2024-02-02 20:00:00,1.09305,1.09322,1.09285,1.0929,5287
2024-02-02 21:00:00,1.0929,1.0929,1.09259,1.09274,3984
2024-02-04 22:00:00,1.09274,1.0928,1.09269,1.09276,1640
2024-02-04 23:00:00,1.09276,1.09278,1.09236,1.09241,3989
2024-02-05 00:00:00,1.09241,1.09256,1.09233,1.09243,6891
2024-02-05 01:00:00,1.09243,1.09247,1.09213,1.09219,2150
2024-02-05 02:00:00,1.09219,1.09227,1.09184,1.09215,1491
2024-02-05 03:00:00,1.09215,1.09228,1.0919,1.09198,7677
2024-02-05 04:00:00,1.09198,1.09201,1.09168,1.09181,3726
2024-02-05 05:00:00,1.09181,1.09204,1.09176,1.09192,4338
2024-02-05 06:00:00,1.09192,1.09212,1.09172,1.09194,6949
2024-02-05 07:00:00,1.09194,1.09204,1.09182,1.09192,8025
2024-02-05 08:00:00,1.09192,1.09202,1.09191,1.09195,1381
2024-02-05 09:00:00,1.09195,1.09217,1.09182,1.09199,7831
2024-02-05 10:00:00,1.09199,1.09199,1.09172,1.09183,5580
2024-02-05 11:00:00,1.09183,1.09189,1.09177,1.09187,7428
2024-02-05 12:00:00,1.09187,1.09204,1.09186,1.09194,7251
2024-02-05 13:00:00,1.09194,1.09203,1.09184,1.09198,2757
2024-02-05 14:00:00,1.09198,1.09214,1.09173,1.09187,9806
2024-02-05 15:00:00,1.09187,1.09198,1.09182,1.09189,9523
2024-02-05 16:00:00,1.09189,1.09234,1.09188,1.09205,2467
2024-02-05 17:00:00,1.09205,1.0922,1.09202,1.0921,8550
2024-02-05 18:00:00,1.0921,1.0921,1.092,1.09205,3114
2024-02-05 19:00:00,1.09205,1.09219,1.09199,1.09212,1465
2024-02-05 20:00:00,1.09212,1.09234,1.09208,1.09209,8763
2024-02-05 21:00:00,1.09209,1.09217,1.09183,1.09211,2185
2024-02-05 22:00:00,1.09211,1.09233,1.09198,1.0922,8842
2024-02-05 23:00:00,1.0922,1.09236,1.09212,1.09229,6145
2024-02-06 00:00:00,1.09229,1.09229,1.09201,1.09208,3588
2024-02-06 01:00:00,1.09208,1.09224,1.09174,1.09192,7594
2024-02-06 02:00:00,1.09192,1.09209,1.0919,1.09201,8053
2024-02-06 03:00:00,1.09201,1.09222,1.09177,1.09191,1509
2024-02-06 04:00:00,1.09191,1.09208,1.09189,1.09202,6775
2024-02-06 05:00:00,1.09202,1.09228,1.09197,1.09211,7758
2024-02-06 06:00:00,1.09211,1.09215,1.09185,1.09191,3486
2024-02-06 07:00:00,1.09191,1.09192,1.09191,1.09191,2614
2024-02-06 08:00:00,1.09191,1.09209,1.09171,1.09178,7340
2024-02-06 09:00:00,1.09178,1.09189,1.09134,1.09152,2847
2024-02-06 10:00:00,1.09152,1.09173,1.09139,1.0914,3587
2024-02-06 11:00:00,1.0914,1.09141,1.0913,1.09139,1680
2024-02-06 12:00:00,1.09139,1.0914,1.09135,1.09137,1828
2024-02-06 13:00:00,1.09137,1.09169,1.09121,1.09153,1135
2024-02-06 14:00:00,1.09153,1.09173,1.09141,1.09159,6490
2024-02-06 15:00:00,1.09159,1.0917,1.09129,1.09142,9520
2024-02-06 16:00:00,1.09142,1.09144,1.09138,1.09141,6288
2024-02-06 17:00:00,1.09141,1.09164,1.09138,1.0915,6246
2024-02-06 18:00:00,1.0915,1.09154,1.09126,1.09145,9618
2024-02-06 19:00:00,1.09145,1.09159,1.09138,1.09155,9793
2024-02-06 20:00:00,1.09155,1.09165,1.09137,1.09139,7735
2024-02-06 21:00:00,1.09139,1.09149,1.09128,1.09133,7511
2024-02-06 22:00:00,1.09133,1.09134,1.09109,1.0911,6519
2024-02-06 23:00:00,1.0911,1.09119,1.09085,1.09091,2793
2024-02-07 00:00:00,1.09091,1.09095,1.09084,1.09091,1123
2024-02-07 01:00:00,1.09091,1.09099,1.09067,1.09077,1562
2024-02-07 02:00:00,1.09077,1.09098,1.0906,1.09064,6460
2024-02-07 03:00:00,1.09064,1.09067,1.09047,1.09053,9394
2024-02-07 04:00:00,1.09053,1.09072,1.09051,1.09055,6551
2024-02-07 05:00:00,1.09055,1.09073,1.09046,1.09062,4340
2024-02-07 06:00:00,1.09062,1.09064,1.0905,1.09059,5844
2024-02-07 07:00:00,1.09059,1.09076,1.09043,1.09046,8086
2024-02-07 08:00:00,1.09046,1.09077,1.09037,1.09052,3235
2024-02-07 09:00:00,1.09052,1.09072,1.09017,1.09041,9426
2024-02-07 10:00:00,1.09041,1.09047,1.09007,1.09029,1197
2024-02-07 11:00:00,1.09029,1.09052,1.09026,1.09026,9343
2024-02-07 12:00:00,1.09026,1.09029,1.0901,1.09014,4687
2024-02-07 13:00:00,1.09014,1.09024,1.08993,1.08996,1634
2024-02-07 14:00:00,1.08996,1.09003,1.08977,1.0899,8935
2024-02-07 15:00:00,1.0899,1.09005,1.08986,1.08993,3788
2024-02-07 16:00:00,1.08993,1.08995,1.08963,1.08983,5819
2024-02-07 17:00:00,1.08983,1.08999,1.08958,1.08964,3770
2024-02-07 18:00:00,1.08964,1.08982,1.08948,1.08968,5550
2024-02-07 19:00:00,1.08968,1.08978,1.0896,1.08962,2744
2024-02-07 20:00:00,1.08962,1.09,1.08952,1.08995,8541
2024-02-07 21:00:00,1.08995,1.09005,1.08971,1.08998,2443
2024-02-07 22:00:00,1.08998,1.0901,1.08975,1.08982,7245
2024-02-07 23:00:00,1.08982,1.08985,1.08963,1.08974,5634
2024-02-08 00:00:00,1.08974,1.08986,1.08969,1.08983,4188
2024-02-08 01:00:00,1.08983,1.08987,1.08949,1.08978,3208
2024-02-08 02:00:00,1.08978,1.08983,1.08971,1.08981,3107
2024-02-08 03:00:00,1.08981,1.09016,1.08962,1.08991,5868
2024-02-08 04:00:00,1.08991,1.09004,1.08954,1.08966,2545
2024-02-08 05:00:00,1.08966,1.08966,1.08929,1.08933,5792
2024-02-08 06:00:00,1.08933,1.08945,1.08922,1.08942,2054
2024-02-08 07:00:00,1.08942,1.08947,1.08917,1.08929,4526
2024-02-08 08:00:00,1.08929,1.08937,1.08927,1.08935,5570
2024-02-08 09:00:00,1.08935,1.08936,1.08898,1.0893,6655
2024-02-08 10:00:00,1.0893,1.08943,1.08905,1.08915,1089
2024-02-08 11:00:00,1.08915,1.08938,1.0891,1.08917,8589
2024-02-08 12:00:00,1.08917,1.08945,1.08915,1.0892,8124
2024-02-08 13:00:00,1.0892,1.08922,1.08893,1.08903,4490
2024-02-08 14:00:00,1.08903,1.08906,1.0889,1.08901,5875
2024-02-08 15:00:00,1.08901,1.08903,1.08878,1.08892,4901
2024-02-08 16:00:00,1.08892,1.08905,1.08877,1.08885,4154
2024-02-08 17:00:00,1.08885,1.08888,1.0887,1.08877,7504
2024-02-08 18:00:00,1.08877,1.08892,1.08838,1.0885,1075
2024-02-08 19:00:00,1.0885,1.0887,1.08847,1.08857,8240
2024-02-08 20:00:00,1.08857,1.0886,1.08838,1.08856,1598
2024-02-08 21:00:00,1.08856,1.08878,1.08847,1.08861,8227
2024-02-08 22:00:00,1.08861,1.08883,1.0886,1.0887,7040
2024-02-08 23:00:00,1.0887,1.08894,1.08864,1.08886,9013
2024-02-09 00:00:00,1.08886,1.0889,1.08877,1.0888,7828
2024-02-09 01:00:00,1.0888,1.08913,1.08878,1.089,6691
2024-02-09 02:00:00,1.089,1.08912,1.08885,1.08911,7447
2024-02-09 03:00:00,1.08911,1.08919,1.08888,1.08901,2934
2024-02-09 04:00:00,1.08901,1.08911,1.0889,1.08892,5563
2024-02-09 05:00:00,1.08892,1.0891,1.08875,1.08881,8166
2024-02-09 06:00:00,1.08881,1.08905,1.08868,1.08894,3376
2024-02-09 07:00:00,1.08894,1.08903,1.08879,1.08896,2718
2024-02-09 08:00:00,1.08896,1.08908,1.08877,1.08886,6357
2024-02-09 09:00:00,1.08886,1.08911,1.08879,1.08896,7847
2024-02-09 10:00:00,1.08896,1.08916,1.08879,1.08905,4891
2024-02-09 11:00:00,1.08905,1.08928,1.08903,1.08909,3907
2024-02-09 12:00:00,1.08909,1.08918,1.08904,1.08907,9965
2024-02-09 13:00:00,1.08907,1.08916,1.08902,1.08912,1605
2024-02-09 14:00:00,1.08912,1.08926,1.08885,1.08895,8259
2024-02-09 15:00:00,1.08895,1.08898,1.08883,1.08884,8053
2024-02-09 16:00:00,1.08884,1.08905,1.08876,1.08883,6889
2024-02-09 17:00:00,1.08883,1.08908,1.08879,1.08892,6070
2024-02-09 18:00:00,1.08892,1.08918,1.08888,1.08907,6282
2024-02-09 19:00:00,1.08907,1.0891,1.08903,1.0891,7366
2024-02-09 20:00:00,1.0891,1.08947,1.08903,1.0893,6371
2024-02-09 21:00:00,1.0893,1.08962,1.08923,1.08937,6338
2024-02-11 22:00:00,1.08937,1.08954,1.08929,1.08953,7073
2024-02-11 23:00:00,1.08953,1.08971,1.08922,1.08946,7274
2024-02-12 00:00:00,1.08946,1.08967,1.08935,1.08951,2405
2024-02-12 01:00:00,1.08951,1.08992,1.08944,1.08972,5096
2024-02-12 02:00:00,1.08972,1.08983,1.08961,1.08967,2527
2024-02-12 03:00:00,1.08967,1.09001,1.08962,1.08991,9648
2024-02-12 04:00:00,1.08991,1.09014,1.08954,1.09002,4616
2024-02-12 05:00:00,1.09002,1.09025,1.08998,1.09011,6248
2024-02-12 06:00:00,1.09011,1.09035,1.08998,1.09014,1467
2024-02-12 07:00:00,1.09014,1.09025,1.09012,1.09019,8928
2024-02-12 08:00:00,1.09019,1.09023,1.09007,1.09016,2901
2024-02-12 09:00:00,1.09016,1.09039,1.09005,1.0903,9975
2024-02-12 10:00:00,1.0903,1.09033,1.09027,1.09028,5185
2024-02-12 11:00:00,1.09028,1.0903,1.09025,1.09028,1639
2024-02-12 12:00:00,1.09028,1.09036,1.09016,1.09025,5221
2024-02-12 13:00:00,1.09025,1.09028,1.09022,1.09025,9757
2024-02-12 14:00:00,1.09025,1.09048,1.09019,1.09028,8184
2024-02-12 15:00:00,1.09028,1.0904,1.09013,1.09019,3308
2024-02-12 16:00:00,1.09019,1.09037,1.09006,1.09021,1563
2024-02-12 17:00:00,1.09021,1.09041,1.09016,1.09034,8781
2024-02-12 18:00:00,1.09034,1.09057,1.09027,1.09029,6070
2024-02-12 19:00:00,1.09029,1.09034,1.09027,1.09031,2296
2024-02-12 20:00:00,1.09031,1.09086,1.09021,1.09069,5390
2024-02-12 21:00:00,1.09069,1.09084,1.09058,1.09074,1512
2024-02-12 22:00:00,1.09074,1.09088,1.09046,1.09073,7525
2024-02-12 23:00:00,1.09073,1.09111,1.09068,1.09101,3824
2024-02-13 00:00:00,1.09101,1.09127,1.091,1.09112,9905
2024-02-13 01:00:00,1.09112,1.09125,1.09111,1.09115,7674
2024-02-13 02:00:00,1.09115,1.09154,1.09086,1.09104,8544
2024-02-13 03:00:00,1.09104,1.09125,1.09083,1.09121,5085
2024-02-13 04:00:00,1.09121,1.09127,1.09112,1.09116,2767
2024-02-13 05:00:00,1.09116,1.09164,1.09089,1.09145,3068
2024-02-13 06:00:00,1.09145,1.09174,1.09134,1.09149,6955
2024-02-13 07:00:00,1.09149,1.0917,1.09142,1.09157,2968
2024-02-13 08:00:00,1.09157,1.09162,1.09148,1.09153,3571
2024-02-13 09:00:00,1.09153,1.09156,1.09131,1.09145,4306
2024-02-13 10:00:00,1.09145,1.09147,1.09135,1.09145,8606
2024-02-13 11:00:00,1.09145,1.09151,1.09131,1.09144,2963
2024-02-13 12:00:00,1.09144,1.09163,1.09138,1.09158,3369
2024-02-13 13:00:00,1.09158,1.09185,1.09151,1.09171,5124
2024-02-13 14:00:00,1.09171,1.0919,1.09167,1.09182,5375
2024-02-13 15:00:00,1.09182,1.0919,1.09173,1.09176,5212
2024-02-13 16:00:00,1.09176,1.09199,1.09174,1.09179,2390
2024-02-13 17:00:00,1.09179,1.09185,1.09146,1.09152,8447
2024-02-13 18:00:00,1.09152,1.09181,1.09139,1.09174,5595
2024-02-13 19:00:00,1.09174,1.09192,1.09168,1.09189,1452
2024-02-13 20:00:00,1.09189,1.09242,1.09183,1.09242,4943
2024-02-13 21:00:00,1.09242,1.09247,1.09241,1.09243,3137
2024-02-13 22:00:00,1.09243,1.09247,1.09233,1.09244,3529
2024-02-13 23:00:00,1.09244,1.09258,1.09238,1.09244,7756
2024-02-14 00:00:00,1.09244,1.09268,1.09239,1.09264,3132
2024-02-14 01:00:00,1.09264,1.093,1.09262,1.09278,1595
2024-02-14 02:00:00,1.09278,1.09309,1.09276,1.09291,3109
2024-02-14 03:00:00,1.09291,1.09294,1.0929,1.09294,9398
2024-02-14 04:00:00,1.09294,1.0931,1.09276,1.09302,7106
2024-02-14 05:00:00,1.09302,1.09323,1.09291,1.09317,3534
2024-02-14 06:00:00,1.09317,1.09345,1.09305,1.09333,6604
2024-02-14 07:00:00,1.09333,1.09336,1.09311,1.09331,4090
2024-02-14 08:00:00,1.09331,1.09337,1.09317,1.09331,9357
2024-02-14 09:00:00,1.09331,1.09353,1.0933,1.0934,3219
2024-02-14 10:00:00,1.0934,1.09365,1.09304,1.09308,7760
2024-02-14 11:00:00,1.09308,1.09337,1.09297,1.09318,4621
2024-02-14 12:00:00,1.09318,1.09347,1.09311,1.09344,7219
2024-02-14 13:00:00,1.09344,1.09351,1.09332,1.09338,4869
2024-02-14 14:00:00,1.09338,1.09341,1.0931,1.0933,3591
2024-02-14 15:00:00,1.0933,1.09331,1.09295,1.09311,2479
2024-02-14 16:00:00,1.09311,1.09341,1.09299,1.09339,9121
2024-02-14 17:00:00,1.09339,1.09369,1.09333,1.09359,8388
2024-02-14 18:00:00,1.09359,1.09388,1.09349,1.09365,9085
2024-02-14 19:00:00,1.09365,1.09377,1.09348,1.09349,6191
2024-02-14 20:00:00,1.09349,1.09367,1.09348,1.09354,9825
2024-02-14 21:00:00,1.09354,1.09383,1.09353,1.09376,5790
2024-02-14 22:00:00,1.09376,1.09398,1.09369,1.09377,9444
2024-02-14 23:00:00,1.09377,1.09388,1.09353,1.09358,3038
2024-02-15 00:00:00,1.09358,1.09401,1.0935,1.09384,6198
2024-02-15 01:00:00,1.09384,1.09406,1.09383,1.09401,4157
2024-02-15 02:00:00,1.09401,1.09434,1.09395,1.0942,3953
2024-02-15 03:00:00,1.0942,1.09454,1.094,1.09405,4428
2024-02-15 04:00:00,1.09405,1.09421,1.094,1.09415,4461
2024-02-15 05:00:00,1.09415,1.0942,1.09393,1.09396,5784
2024-02-15 06:00:00,1.09396,1.09404,1.09389,1.09404,4669
2024-02-15 07:00:00,1.09404,1.09424,1.09403,1.09412,7432
2024-02-15 08:00:00,1.09412,1.09422,1.09404,1.0942,2047
2024-02-15 09:00:00,1.0942,1.09432,1.09413,1.0943,4191
2024-02-15 10:00:00,1.0943,1.09462,1.09417,1.09436,8502
2024-02-15 11:00:00,1.09436,1.09458,1.09419,1.09443,1952
2024-02-15 12:00:00,1.09443,1.09456,1.09416,1.09437,7082
2024-02-15 13:00:00,1.09437,1.0944,1.09419,1.09433,2411
2024-02-15 14:00:00,1.09433,1.09447,1.09427,1.09431,8913
2024-02-15 15:00:00,1.09431,1.09434,1.09393,1.09414,9623
2024-02-15 16:00:00,1.09414,1.09421,1.09411,1.09417,9408
2024-02-15 17:00:00,1.09417,1.0943,1.09402,1.09421,7771
2024-02-15 18:00:00,1.09421,1.09468,1.09417,1.09444,4856
2024-02-15 19:00:00,1.09444,1.09461,1.09441,1.09455,5862
2024-02-15 20:00:00,1.09455,1.09458,1.09439,1.09453,4411
2024-02-15 21:00:00,1.09453,1.09457,1.09452,1.09453,5626
2024-02-15 22:00:00,1.09453,1.09477,1.09432,1.09469,3926
2024-02-15 23:00:00,1.09469,1.09474,1.09458,1.09469,7039
2024-02-16 00:00:00,1.09469,1.09502,1.09463,1.09486,3393
2024-02-16 01:00:00,1.09486,1.09519,1.09477,1.09507,9446
2024-02-16 02:00:00,1.09507,1.09517,1.09493,1.09512,3004
2024-02-16 03:00:00,1.09512,1.09541,1.09498,1.09518,2538
2024-02-16 04:00:00,1.09518,1.09536,1.0951,1.09516,9081
2024-02-16 05:00:00,1.09516,1.09525,1.09502,1.09514,2467
2024-02-16 06:00:00,1.09514,1.09539,1.09508,1.09535,8815
2024-02-16 07:00:00,1.09535,1.09544,1.09511,1.09534,1257
2024-02-16 08:00:00,1.09534,1.09552,1.09533,1.0955,8086
2024-02-16 09:00:00,1.0955,1.0955,1.09528,1.09549,9764
2024-02-16 10:00:00,1.09549,1.09588,1.09545,1.09567,7384
2024-02-16 11:00:00,1.09567,1.09576,1.09557,1.09573,1455
2024-02-16 12:00:00,1.09573,1.09588,1.09545,1.09548,8250
2024-02-16 13:00:00,1.09548,1.09556,1.09538,1.09539,4037
2024-02-16 14:00:00,1.09539,1.09547,1.09519,1.09528,1461
2024-02-16 15:00:00,1.09528,1.09533,1.09481,1.09493,5769
2024-02-16 16:00:00,1.09493,1.09496,1.09459,1.09473,8248
2024-02-16 17:00:00,1.09473,1.09479,1.0946,1.09466,4249
2024-02-16 18:00:00,1.09466,1.09486,1.09446,1.09457,1510
2024-02-16 19:00:00,1.09457,1.09462,1.09444,1.09455,6773
2024-02-16 20:00:00,1.09455,1.09468,1.09451,1.09462,9061
2024-02-16 21:00:00,1.09462,1.09471,1.09431,1.09449,7051
2024-02-18 22:00:00,1.09449,1.09455,1.09427,1.09439,8419
2024-02-18 23:00:00,1.09439,1.09443,1.09412,1.09422,7041
2024-02-19 00:00:00,1.09422,1.09438,1.09419,1.09434,9933
2024-02-19 01:00:00,1.09434,1.09463,1.09429,1.09441,5209
2024-02-19 02:00:00,1.09441,1.09461,1.09419,1.09445,4847
2024-02-19 03:00:00,1.09445,1.09472,1.09441,1.0945,9409
2024-02-19 04:00:00,1.0945,1.09462,1.09443,1.09451,6005
2024-02-19 05:00:00,1.09451,1.09459,1.09426,1.09436,8790
2024-02-19 06:00:00,1.09436,1.09447,1.09425,1.09442,7088
2024-02-19 07:00:00,1.09442,1.09476,1.09433,1.09458,4861
2024-02-19 08:00:00,1.09458,1.09486,1.09448,1.09475,3036
2024-02-19 09:00:00,1.09475,1.09484,1.09442,1.09458,2968
2024-02-19 10:00:00,1.09458,1.09476,1.09454,1.09463,1404
2024-02-19 11:00:00,1.09463,1.09478,1.09439,1.09449,3987
2024-02-19 12:00:00,1.09449,1.09452,1.09444,1.09444,1734
2024-02-19 13:00:00,1.09444,1.09467,1.09412,1.09427,3663
2024-02-19 14:00:00,1.09427,1.0943,1.09425,1.09426,1453
2024-02-19 15:00:00,1.09426,1.09437,1.09424,1.09424,1624
2024-02-19 16:00:00,1.09424,1.09457,1.09414,1.09454,4068
2024-02-19 17:00:00,1.09454,1.09464,1.09443,1.09448,3640
2024-02-19 18:00:00,1.09448,1.09471,1.09433,1.09436,9102
2024-02-19 19:00:00,1.09436,1.09452,1.09431,1.09439,3662
2024-02-19 20:00:00,1.09439,1.09447,1.09424,1.09437,6703
2024-02-19 21:00:00,1.09437,1.09438,1.0942,1.0943,6985
2024-02-19 22:00:00,1.0943,1.09464,1.09422,1.09441,2211
2024-02-19 23:00:00,1.09441,1.09448,1.09437,1.0944,7560
2024-02-20 00:00:00,1.0944,1.09444,1.09422,1.09425,1000
2024-02-20 01:00:00,1.09425,1.09442,1.09397,1.09411,9618
2024-02-20 02:00:00,1.09411,1.09418,1.09375,1.09409,1765
2024-02-20 03:00:00,1.09409,1.09419,1.0936,1.09379,3162
2024-02-20 04:00:00,1.09379,1.09397,1.09372,1.09393,1869
2024-02-20 05:00:00,1.09393,1.09437,1.09378,1.09407,3942
2024-02-20 06:00:00,1.09407,1.09417,1.09387,1.09407,7052
2024-02-20 07:00:00,1.09407,1.09421,1.09386,1.0939,2154
2024-02-20 08:00:00,1.0939,1.09411,1.09367,1.09375,7305
2024-02-20 09:00:00,1.09375,1.09383,1.09354,1.09378,6572
2024-02-20 10:00:00,1.09378,1.09384,1.09354,1.09375,6553
2024-02-20 11:00:00,1.09375,1.0938,1.09366,1.09367,6270
2024-02-20 12:00:00,1.09367,1.09377,1.09351,1.09352,1513
2024-02-20 13:00:00,1.09352,1.09363,1.09333,1.09351,6739
2024-02-20 14:00:00,1.09351,1.09375,1.09351,1.09351,3270
2024-02-20 15:00:00,1.09351,1.09377,1.09332,1.09359,4283
2024-02-20 16:00:00,1.09359,1.09369,1.09333,1.09363,2709
2024-02-20 17:00:00,1.09363,1.09387,1.09354,1.09366,1188
2024-02-20 18:00:00,1.09366,1.0937,1.09358,1.0936,7898
2024-02-20 19:00:00,1.0936,1.09375,1.09333,1.09345,7806
2024-02-20 20:00:00,1.09345,1.09388,1.09331,1.09361,9412
2024-02-20 21:00:00,1.09361,1.09365,1.09347,1.09352,4400
2024-02-20 22:00:00,1.09352,1.09355,1.09345,1.09351,5553
2024-02-20 23:00:00,1.09351,1.09365,1.09337,1.09353,2036
2024-02-21 00:00:00,1.09353,1.09356,1.09319,1.09331,4485
2024-02-21 01:00:00,1.09331,1.09354,1.09313,1.0932,8323
2024-02-21 02:00:00,1.0932,1.09322,1.09313,1.09319,9591
2024-02-21 03:00:00,1.09319,1.09334,1.09299,1.09316,4613
2024-02-21 04:00:00,1.09316,1.09346,1.09312,1.09336,4525
2024-02-21 05:00:00,1.09336,1.09348,1.0931,1.09339,8847
2024-02-21 06:00:00,1.09339,1.09374,1.09328,1.09352,8227
2024-02-21 07:00:00,1.09352,1.09353,1.09329,1.0934,4566
2024-02-21 08:00:00,1.0934,1.09349,1.09334,1.09339,2363
2024-02-21 09:00:00,1.09339,1.09378,1.09333,1.09361,8455
2024-02-21 10:00:00,1.09361,1.09378,1.09351,1.09377,6670
2024-02-21 11:00:00,1.09377,1.09388,1.09375,1.09382,2119
2024-02-21 12:00:00,1.09382,1.09388,1.09369,1.09379,1362
2024-02-21 13:00:00,1.09379,1.09413,1.09371,1.09382,7050
2024-02-21 14:00:00,1.09382,1.09399,1.09381,1.09382,9554
2024-02-21 15:00:00,1.09382,1.09387,1.09349,1.09373,4428
2024-02-21 16:00:00,1.09373,1.09375,1.09355,1.09362,9121
2024-02-21 17:00:00,1.09362,1.09368,1.09338,1.09345,8384
2024-02-21 18:00:00,1.09345,1.09349,1.09328,1.09343,4177
2024-02-21 19:00:00,1.09343,1.09362,1.09338,1.09345,8059
2024-02-21 20:00:00,1.09345,1.09376,1.09324,1.09357,9621
2024-02-21 21:00:00,1.09357,1.09394,1.0935,1.09384,6144
2024-02-21 22:00:00,1.09384,1.09401,1.09361,1.09368,5710
2024-02-21 23:00:00,1.09368,1.09389,1.09366,1.09375,2470
2024-02-22 00:00:00,1.09375,1.09382,1.09359,1.09365,4480
2024-02-22 01:00:00,1.09365,1.09372,1.09328,1.09363,4445
2024-02-22 02:00:00,1.09363,1.0939,1.09361,1.09388,5551
2024-02-22 03:00:00,1.09388,1.0943,1.09386,1.09408,9638
2024-02-22 04:00:00,1.09408,1.09445,1.09401,1.0942,1410
2024-02-22 05:00:00,1.0942,1.09422,1.09413,1.09414,2109
2024-02-22 06:00:00,1.09414,1.09434,1.09412,1.09413,4223
2024-02-22 07:00:00,1.09413,1.0945,1.094,1.09425,4697
2024-02-22 08:00:00,1.09425,1.09474,1.09421,1.09442,1216
2024-02-22 09:00:00,1.09442,1.09448,1.09412,1.0943,3838
2024-02-22 10:00:00,1.0943,1.09455,1.09424,1.09439,1872
2024-02-22 11:00:00,1.09439,1.09452,1.09433,1.09445,5275
2024-02-22 12:00:00,1.09445,1.0948,1.09429,1.09469,8041
2024-02-22 13:00:00,1.09469,1.09471,1.09463,1.0947,4687
2024-02-22 14:00:00,1.0947,1.09478,1.09442,1.09455,7577
2024-02-22 15:00:00,1.09455,1.09497,1.0945,1.09476,8797
2024-02-22 16:00:00,1.09476,1.09485,1.09472,1.09483,2259
2024-02-22 17:00:00,1.09483,1.09526,1.09477,1.09499,9968
2024-02-22 18:00:00,1.09499,1.09504,1.09461,1.09471,4564
2024-02-22 19:00:00,1.09471,1.09485,1.09463,1.09465,4765
2024-02-22 20:00:00,1.09465,1.09505,1.09444,1.09491,6180
2024-02-22 21:00:00,1.09491,1.09507,1.09466,1.09492,2890
2024-02-22 22:00:00,1.09492,1.09527,1.09484,1.09512,6075
2024-02-22 23:00:00,1.09512,1.09538,1.09496,1.09525,7615
2024-02-23 00:00:00,1.09525,1.09533,1.09495,1.0953,2198
2024-02-23 01:00:00,1.0953,1.09549,1.09522,1.09526,3593
2024-02-23 02:00:00,1.09526,1.09558,1.09523,1.09558,3570
2024-02-23 03:00:00,1.09558,1.09569,1.09557,1.09568,1822
2024-02-23 04:00:00,1.09568,1.09578,1.09529,1.09554,4666
2024-02-23 05:00:00,1.09554,1.09569,1.09552,1.09568,9015
2024-02-23 06:00:00,1.09568,1.09599,1.09564,1.09584,4867
2024-02-23 07:00:00,1.09584,1.09592,1.09568,1.0959,3419
2024-02-23 08:00:00,1.0959,1.09604,1.09581,1.09596,3757
2024-02-23 09:00:00,1.09596,1.0964,1.09573,1.09624,1734
2024-02-23 10:00:00,1.09624,1.09642,1.09611,1.09612,3549
2024-02-23 11:00:00,1.09612,1.09635,1.096,1.0963,9394
2024-02-23 12:00:00,1.0963,1.09642,1.09618,1.0964,6081
2024-02-23 13:00:00,1.0964,1.09672,1.09629,1.09658,8917
2024-02-23 14:00:00,1.09658,1.09677,1.09653,1.09674,2985
2024-02-23 15:00:00,1.09674,1.09702,1.09664,1.09702,7840
2024-02-23 16:00:00,1.09702,1.09711,1.09675,1.09695,2887
2024-02-23 17:00:00,1.09695,1.09701,1.09693,1.09699,8037
2024-02-23 18:00:00,1.09699,1.09717,1.09687,1.09708,9690
2024-02-23 19:00:00,1.09708,1.09711,1.09685,1.09699,6175
2024-02-23 20:00:00,1.09699,1.09714,1.09682,1.09714,3809
2024-02-23 21:00:00,1.09714,1.09752,1.09704,1.0974,4647
2024-02-25 22:00:00,1.0974,1.09765,1.09733,1.09755,8050
2024-02-25 23:00:00,1.09755,1.09768,1.0975,1.09759,8615
2024-02-26 00:00:00,1.09759,1.09786,1.09745,1.09768,1561
2024-02-26 01:00:00,1.09768,1.09768,1.09752,1.09762,8279
2024-02-26 02:00:00,1.09762,1.09766,1.09746,1.09755,8728
2024-02-26 03:00:00,1.09755,1.09772,1.09749,1.09765,9505
2024-02-26 04:00:00,1.09765,1.09779,1.09747,1.09761,5505
2024-02-26 05:00:00,1.09761,1.09796,1.09757,1.09769,8221
2024-02-26 06:00:00,1.09769,1.09771,1.09762,1.09767,6960
2024-02-26 07:00:00,1.09767,1.09788,1.09765,1.09781,8726
2024-02-26 08:00:00,1.09781,1.09796,1.09773,1.09791,7677
2024-02-26 09:00:00,1.09791,1.09801,1.09783,1.09783,1482
2024-02-26 10:00:00,1.09783,1.09793,1.09762,1.0979,8641
2024-02-26 11:00:00,1.0979,1.09795,1.0978,1.09783,2702
2024-02-26 12:00:00,1.09783,1.09804,1.09761,1.09803,6438
2024-02-26 13:00:00,1.09803,1.09826,1.09797,1.09824,1948
2024-02-26 14:00:00,1.09824,1.09846,1.09813,1.0984,7273
2024-02-26 15:00:00,1.0984,1.0986,1.09833,1.09856,4670
2024-02-26 16:00:00,1.09856,1.09867,1.09854,1.09866,6682
2024-02-26 17:00:00,1.09866,1.09876,1.09859,1.09861,7979
2024-02-26 18:00:00,1.09861,1.09882,1.09857,1.0987,1096
2024-02-26 19:00:00,1.0987,1.09881,1.09853,1.0988,4096
2024-02-26 20:00:00,1.0988,1.09913,1.09859,1.0987,8919
2024-02-26 21:00:00,1.0987,1.09942,1.09868,1.09915,6968
2024-02-26 22:00:00,1.09915,1.09937,1.09894,1.09919,4799
2024-02-26 23:00:00,1.09919,1.09926,1.09911,1.09917,4770
2024-02-27 00:00:00,1.09917,1.09955,1.09913,1.09935,7769
2024-02-27 01:00:00,1.09935,1.09937,1.09906,1.09916,4105
2024-02-27 02:00:00,1.09916,1.09937,1.09911,1.0992,1002
2024-02-27 03:00:00,1.0992,1.09926,1.09913,1.09916,4874
2024-02-27 04:00:00,1.09916,1.09924,1.09904,1.09924,4139
2024-02-27 05:00:00,1.09924,1.09963,1.09917,1.09946,1320
2024-02-27 06:00:00,1.09946,1.09956,1.0994,1.09955,8221
2024-02-27 07:00:00,1.09955,1.09978,1.0995,1.09951,8753
2024-02-27 08:00:00,1.09951,1.09983,1.09933,1.09981,9899
2024-02-27 09:00:00,1.09981,1.0999,1.09971,1.0999,5845
2024-02-27 10:00:00,1.0999,1.10008,1.09983,1.10004,4110
2024-02-27 11:00:00,1.10004,1.10023,1.09992,1.10017,1005
2024-02-27 12:00:00,1.10017,1.1003,1.10006,1.10015,3102
2024-02-27 13:00:00,1.10015,1.10021,1.09977,1.09999,8883
2024-02-27 14:00:00,1.09999,1.09999,1.09978,1.09989,3971
2024-02-27 15:00:00,1.09989,1.09995,1.09976,1.09991,2478
2024-02-27 16:00:00,1.09991,1.09996,1.09978,1.09981,6714
2024-02-27 17:00:00,1.09981,1.10004,1.09974,1.09988,2519
2024-02-27 18:00:00,1.09988,1.10007,1.09986,1.09987,9413
2024-02-27 19:00:00,1.09987,1.09992,1.09975,1.09989,4393
2024-02-27 20:00:00,1.09989,1.10001,1.09954,1.09981,2438
2024-02-27 21:00:00,1.09981,1.09987,1.09974,1.09974,8167
2024-02-27 22:00:00,1.09974,1.09984,1.09939,1.09955,2401
2024-02-27 23:00:00,1.09955,1.09956,1.09933,1.09948,1358
2024-02-28 00:00:00,1.09948,1.0995,1.09925,1.0993,1387
2024-02-28 01:00:00,1.0993,1.09945,1.09924,1.09929,9831
2024-02-28 02:00:00,1.09929,1.09952,1.09922,1.09936,4083
2024-02-28 03:00:00,1.09936,1.09942,1.09911,1.09925,1621
2024-02-28 04:00:00,1.09925,1.0995,1.09912,1.09935,6720
2024-02-28 05:00:00,1.09935,1.09939,1.09911,1.09926,4439
2024-02-28 06:00:00,1.09926,1.09937,1.09922,1.09934,3137
2024-02-28 07:00:00,1.09934,1.09965,1.09915,1.09949,4262
2024-02-28 08:00:00,1.09949,1.09968,1.09942,1.09962,5221
2024-02-28 09:00:00,1.09962,1.09968,1.09943,1.09958,1228
2024-02-28 10:00:00,1.09958,1.09972,1.09934,1.09948,1501
2024-02-28 11:00:00,1.09948,1.09955,1.09925,1.09934,2324
2024-02-28 12:00:00,1.09934,1.09941,1.09931,1.09934,9197
2024-02-28 13:00:00,1.09934,1.09939,1.0993,1.09937,9334
2024-02-28 14:00:00,1.09937,1.09945,1.09921,1.0993,5920
2024-02-28 15:00:00,1.0993,1.09946,1.09914,1.09934,2496
2024-02-28 16:00:00,1.09934,1.09941,1.09927,1.09939,4348
2024-02-28 17:00:00,1.09939,1.09953,1.0992,1.09932,1446
2024-02-28 18:00:00,1.09932,1.0994,1.09912,1.09937,3042
2024-02-28 19:00:00,1.09937,1.09944,1.09915,1.09942,9653
2024-02-28 20:00:00,1.09942,1.09949,1.09899,1.09934,4164
2024-02-28 21:00:00,1.09934,1.09947,1.09925,1.09937,4076
2024-02-28 22:00:00,1.09937,1.0996,1.09934,1.09946,4269
2024-02-28 23:00:00,1.09946,1.09973,1.09941,1.09964,4555
2024-02-29 00:00:00,1.09964,1.09972,1.09957,1.0997,7063
2024-02-29 01:00:00,1.0997,1.09995,1.09954,1.09991,2677
2024-02-29 02:00:00,1.09991,1.09994,1.09956,1.09975,2836
2024-02-29 03:00:00,1.09975,1.09999,1.09957,1.09988,9705
2024-02-29 04:00:00,1.09988,1.09999,1.09957,1.09988,9081
2024-02-29 05:00:00,1.09988,1.10014,1.09984,1.10012,2111
2024-02-29 06:00:00,1.10012,1.10021,1.09979,1.09993,8551
2024-02-29 07:00:00,1.09993,1.09995,1.09972,1.0998,7581
2024-02-29 08:00:00,1.0998,1.10021,1.09969,1.09999,6836
2024-02-29 09:00:00,1.09999,1.10008,1.09991,1.09995,4542
2024-02-29 10:00:00,1.09995,1.10024,1.09994,1.1001,4060
2024-02-29 11:00:00,1.1001,1.10022,1.10007,1.10017,2489
2024-02-29 12:00:00,1.10017,1.10021,1.0998,1.10002,6717
2024-02-29 13:00:00,1.10002,1.1001,1.09994,1.09995,6037
2024-02-29 14:00:00,1.09995,1.1,1.09982,1.09993,4918
2024-02-29 15:00:00,1.09993,1.10002,1.09985,1.09993,3724
2024-02-29 16:00:00,1.09993,1.10027,1.09978,1.09997,6405
2024-02-29 17:00:00,1.09997,1.10011,1.09988,1.09992,7548
2024-02-29 18:00:00,1.09992,1.09994,1.09991,1.09993,6325
2024-02-29 19:00:00,1.09993,1.10012,1.09977,1.1,5408
2024-02-29 20:00:00,1.1,1.10043,1.09995,1.10019,5673
2024-02-29 21:00:00,1.10019,1.10031,1.09996,1.10025,4939
2024-02-29 22:00:00,1.10025,1.1003,1.09994,1.10015,4123
2024-02-29 23:00:00,1.10015,1.10015,1.09964,1.09989,9284
2024-03-01 00:00:00,1.09989,1.0999,1.09981,1.09984,7665
2024-03-01 01:00:00,1.09984,1.09985,1.09973,1.09973,6527
2024-03-01 02:00:00,1.09973,1.09979,1.09954,1.09978,4862
2024-03-01 03:00:00,1.09978,1.09985,1.0997,1.09971,7918
2024-03-01 04:00:00,1.09971,1.09972,1.09945,1.09953,2072
2024-03-01 05:00:00,1.09953,1.0996,1.09945,1.0995,4795
2024-03-01 06:00:00,1.0995,1.09958,1.09944,1.09957,6198
